Company Name,Company Address,Company Website,HR Email,Sales BEST,Sales BETTER,Sales EXCLUDE,Company Careers Page,Company Products/Services Page,Instagram,Facebook,X
Marbled LA,"743 W Milford St, Glendale, CA 91203, USA",http://www.marbled.la/,,,,,,,https://www.instagram.com/marbledla/,https://www.facebook.com/MarbledLA/,
Good Heart Catering,"3200 Wilshire Blvd #105, Los Angeles, CA 90010, USA",https://goodheartcatering.com/,info@goodheartcatering.com,,info@goodheartcatering.com,,https://goodheartcatering.com/contactus;  https://goodheartcatering.com/jobs,https://goodheartcatering.com/;  https://goodheartcatering.com/business-and-corporate-catering-services;  https://goodheartcatering.com/menu;  https://goodheartcatering.com/#wrap;  https://goodheartcatering.com/shop;  https://goodheartcatering.com/non-profit-catering;  https://goodheartcatering.com/contactus,,,
Luxe Bites - LA's Best Charcuterie Boards and Event Catering,"3317 N Mission Rd, Los Angeles, CA 90031, USA",https://luxebites.com/,sanfrancisco@luxebites.com,sales@luxebitesla.com,sanfrancisco@luxebites.com,sf@luxebites.com,,https://luxebites.com/;  https://luxebites.com/products/takeaway-graze-board-36-x-16;  https://luxebites.com/;  https://luxebites.com/pages/gifting-celebrations-1;  https://luxebites.com/;  https://luxebites.com/pages/corporate-production-catering;  https://luxebites.com/pages/charcuterie-event-catering;  https://luxebites.com/pages/holidays-special-occasions;  https://luxebites.com/pages/smoothie-catering-services;  https://luxebites.com/pages/bar-catering,https://www.instagram.com/luxebitesla/,https://www.facebook.com/LuxebitesLA/,//twitter.com/share
Crateful Catering Los Angeles,"2035 Highland Ave, Los Angeles, CA 90068, USA",https://www.cratefulcatering.com/,,,,,,https://www.cratefulcatering.com/menu-offering;  https://www.cratefulcatering.com/;  https://www.cratefulcatering.com/gallery;  https://www.cratefulcatering.com/blog;  https://www.cratefulcatering.com/beverage-service;  https://www.cratefulcatering.com/weddings-menu;  https://www.cratefulcatering.com/contact;  https://www.cratefulcatering.com/about-us;  https://www.cratefulcatering.com/cart;  https://www.cratefulcatering.com/bar-mitzvah;  https://www.cratefulcatering.com/crew-meals;  https://www.cratefulcatering.com/folder-our-services;  https://www.cratefulcatering.com/#page;  https://www.cratefulcatering.com/menu-corporate-events,https://www.instagram.com/crateful_catering/,https://www.facebook.com/cratefulcateringLA,
Bite Catering Couture,"3380 S Robertson Blvd, Los Angeles, CA 90034, USA",https://www.bitecatering.net/,,,,,,https://www.bitecatering.net/blog/;  https://www.bitecatering.net/;  https://www.bitecatering.net/wedding/;  https://www.bitecatering.net/;  https://www.bitecatering.net/services/branding/;  https://www.bitecatering.net/services/event-production/;  https://www.bitecatering.net/services/event-chefs/;  https://www.bitecatering.net/corporate/;  https://www.bitecatering.net/menus/;  https://www.bitecatering.net/pricing/;  https://www.bitecatering.net/services/delivery/;  https://www.bitecatering.net/social/;  https://www.bitecatering.net/venues/;  https://www.bitecatering.net/services/displays-decor/;  https://www.bitecatering.net/services/custom-item-production/,https://www.instagram.com/bitecatering/,https://www.facebook.com/bitecateringcouture,
Chubby Fingers Catering Co,"672 S Santa Fe Ave, Los Angeles, CA 90021, USA",https://chubscatering.com/,hello@chubscatering.com,,hello@chubscatering.com,,,https://chubscatering.com/#contact;  https://chubscatering.com/#menu;  https://chubscatering.com/#top;  https://chubscatering.com/;  https://chubscatering.com/#carousel-example-generic;  https://chubscatering.com/#about,https://www.instagram.com/chubbyfingerscatering/,https://www.facebook.com/Chubby-Fingers-Catering-105055764641392/,
Aloha Catering Services Inc,"2122 Beverly Blvd, Los Angeles, CA 90057, USA",http://alohacateringservicesinc.com/,,,,,,,,,
Heirloom LA,"3232 N Figueroa St #1/2, Los Angeles, CA 90065, USA",https://heirloomla.com/,talizm@yahoo.com,,info@erinheartscourt.com; hello@jenniferemerling.com; info@heirloomla.com,talizm@yahoo.com; jenn@jenniferemerling.com,,https://heirloomla.com/menus/HLA_AboutUs_F1.pdf;  https://heirloomla.com/menus/Heirloom LA Production FAQ.pdf;  https://heirloomla.com/menus/HLA_Weddings.pdf,https://instagram.com/heirloomla,https://www.facebook.com/heirloomla/,https://twitter.com/heirloomla
Las Hermanas Catering,"Los Angeles, CA 91602, USA",https://losangelestacoscatering.com/,,,,,,https://losangelestacoscatering.com/#welcome-home;  https://losangelestacoscatering.com/,https://www.instagram.com/las.hermanas.catering/,https://www.facebook.com/LasHermanasFood,
Spotted Hen Catering,"1539 Fishburn Ave, Los Angeles, CA 90063, USA",http://www.spottedhencatering.com/,terriwahl@gmail.com,,,terriwahl@gmail.com,,http://www.spottedhencatering.com/production-catering-menus;  http://www.spottedhencatering.com/new-page;  http://www.spottedhencatering.com/weddings;  http://www.spottedhencatering.com/our-story;  http://www.spottedhencatering.com/desert-menus;  http://www.spottedhencatering.com/wedding-menus;  http://www.spottedhencatering.com/drop-off-catering-menus;  http://www.spottedhencatering.com/menus,https://www.instagram.com/spottedhencatering/,https://www.facebook.com/feliceitaliancatering,
Felice Italian Catering,"21221 S Wilmington Ave, Carson, CA 90810, USA",https://www.feliceitaliancatering.com/,team@feliceitaliancatering.com,,events@feliceitaliancatering.com,team@feliceitaliancatering.com,,https://www.feliceitaliancatering.com/;  https://www.feliceitaliancatering.com/faq;  https://www.feliceitaliancatering.com/corporate-events;  https://www.feliceitaliancatering.com/pizzacateringgallery;  https://www.feliceitaliancatering.com/terms-conditions;  https://www.feliceitaliancatering.com/culverpizzatruck;  https://www.feliceitaliancatering.com/catering-menu;  https://www.feliceitaliancatering.com/private-events;  https://www.feliceitaliancatering.com;  https://www.feliceitaliancatering.com/torrancefoodtruckmenu,https://www.instagram.com/felicecatering/,https://www.facebook.com/feliceitaliancatering,
Robert's Catering Services,"101 N Victory Blvd Suite G & F, Burbank, CA 91502, USA",https://www.robertscateringservice.com/,rcs@robertscateringservice.com,,,rcs@robertscateringservice.com,,https://www.robertscateringservice.com/faq/;  https://www.robertscateringservice.com/#qodef-page-content;  https://www.robertscateringservice.com/gallery/;  https://www.robertscateringservice.com/banquet-halls-los-angeles/;  https://www.robertscateringservice.com/corporate-caterers-corporate-catering/;  https://www.robertscateringservice.com/charcuterie-board-catering-los-angeles/;  https://www.robertscateringservice.com;  https://www.robertscateringservice.com/breakfast-catering-and-brunch-catering...;  https://www.robertscateringservice.com/;  https://www.robertscateringservice.com/taco-catering-mexican-catering-los-ang...;  https://www.robertscateringservice.com/food-catering-catering-company/;  https://www.robertscateringservice.com/party-food-occasions-catering-party-ca...;  https://www.robertscateringservice.com/contact-us/;  https://www.robertscateringservice.com/sushi-catering-los-angeles/;  https://www.robertscateringservice.com/wedding-catering-wedding-caterers-los-...,https://www.instagram.com/robertscatering,https://www.facebook.com/Roberts-Catering-Service-141180582565965,
TGIS Catering Services,"3247 E Airport Way, Long Beach, CA 90806, USA",http://www.tgiscatering.com/,staffing@tgiscatering.com,,scollins@tgiscatering.com; jsmith@tgiscatering.com; mrivera@tgiscatering.com; staffing@tgiscatering.com; dfremont@tgiscatering.com; msajor@tgiscatering.com; accounting@tgiscatering.com; kgarcia@tgiscatering.com; tgis.catering@tgiscatering.com; yosorio@tgiscatering.com,,,http://www.tgiscatering.com/corporate;  http://www.tgiscatering.com/weddings;  http://www.tgiscatering.com/#page;  http://www.tgiscatering.com/culinary;  http://www.tgiscatering.com/tgis-venues;  http://www.tgiscatering.com/about-tgis;  http://www.tgiscatering.com/meet-tgis-team;  http://www.tgiscatering.com/cart;  http://www.tgiscatering.com/production;  http://www.tgiscatering.com/services;  http://www.tgiscatering.com/beverage;  http://www.tgiscatering.com/going-green-initiative;  http://www.tgiscatering.com/;  http://www.tgiscatering.com/events;  http://www.tgiscatering.com/social,http://instagram.com/tgiscatering,https://www.facebook.com/tgiscatering,
Bites and Bashes Catering,"25600 Narbonne Ave, Lomita, CA 90717, USA",http://bitesandbashes.com/,info@bitesandbashes.com,,info@bitesandbashes.com; info@bitesandbashes.com,,,http://bitesandbashes.com/home#home;  http://bitesandbashes.com/pastbashes;  http://bitesandbashes.com/menus;  http://bitesandbashes.com/about#farm;  http://bitesandbashes.com/catering;  http://bitesandbashes.com/aboutpage;  http://bitesandbashes.com/;  https://bitesandbashes.com/menus;  http://bitesandbashes.com/cafemenu;  http://bitesandbashes.com/about,https://www.instagram.com/bitesandbashes/,https://www.facebook.com/bitesandbashes/,https://barbijoux.com
Basil Pizza Bar Catering,"3212 E Olympic Blvd, Los Angeles, CA 90023, USA",https://basilpizzabar.com/,info@www.basilpizzabar.com,,info@www.basilpizzabar.com; info@basilpizza.com; info@basilpizzabar.com,,,https://basilpizzabar.com/basils-unlimited-pizza-menu/;  https://basilpizzabar.com/get-a-quote/,https://www.instagram.com/basilpizzabar/,https://www.facebook.com/basilpizzabar/,
The Daily by HC,"1119 Fair Oaks Ave, South Pasadena, CA 91030, USA",http://www.hcmenu.com/,team@hcmenu.com,,,team@hcmenu.com,,http://www.hcmenu.com/#page;  http://www.hcmenu.com/rentals;  http://www.hcmenu.com/cart;  https://www.hcmenu.com/privacy-policy;  http://www.hcmenu.com/gallery#page;  http://www.hcmenu.com/beverage;  http://www.hcmenu.com/;  http://www.hcmenu.com/menu;  http://www.hcmenu.com/menu-1;  http://www.hcmenu.com/gallery/hors-doeuvres;  http://www.hcmenu.com/gallery;  http://www.hcmenu.com/gallery/entrees;  http://www.hcmenu.com/request-a-quote;  http://www.hcmenu.com/cart#page;  http://www.hcmenu.com/gallery/events,http://www.instagram.com/huntingtoncatering,http://facebook.com/huntingtoncatering,
Schaffer,"5269 W Pico Blvd, Los Angeles, CA 90019, USA",http://www.schafferla.com/,kschaffer@schafferla.com,,kschaffer@schafferla.com; melissa@schafferla.com; cschaffer@schafferla.com; cindy@schafferla.com; info@schafferla.com; ilexa@schafferla.com; sgorelik@schafferla.com; janet@schafferla.com; erika@schafferla.com; hjimenez@schafferla.com; lydia@schafferla.com,lex@schafferla.com; matt@schafferla.com; nina@schafferla.com,,https://schafferla.com/services/;  https://schafferla.com/about/;  https://schafferla.com/what-we-think/;  https://schafferla.com;  http://www.schafferla.com/services;  http://www.schafferla.com/;  http://www.schafferla.com/about;  https://schafferla.com/inspiration/,https://instagram.com/schaffer_la,https://www.facebook.com/schafferLA/,
Simon's Caterers,"2627 S La Cienega Blvd, Los Angeles, CA 90034, USA",https://simoncaterers.com/,simoncaterer@yahoo.com,,,simoncaterer@yahoo.com,,https://simoncaterers.com/menus;  https://simoncaterers.com/testimonials,https://www.instagram.com/simonscaterers,https://www.facebook.com/210877462365375,https://www.twitter.com/SimonsCaterers
K Michelle's Kitchen Catering,"6415 2nd Ave, Los Angeles, CA 90043, USA",http://www.kmichellekitchencatering.com/,katrina@revenuemr.com,,katrina@revenuemr.com; filler@godaddy.com,,,http://www.kmichellekitchencatering.com/m/account;  http://www.kmichellekitchencatering.com/contact-us;  http://www.kmichellekitchencatering.com/menu-1;  http://www.kmichellekitchencatering.com/wedding-catering;  http://www.kmichellekitchencatering.com/m/orders;  http://www.kmichellekitchencatering.com/m/create-account;  https://kmichellekitchencatering.com/events;  http://www.kmichellekitchencatering.com/gallery;  http://www.kmichellekitchencatering.com/events;  http://www.kmichellekitchencatering.com/media;  http://www.kmichellekitchencatering.com/event-catering;  http://www.kmichellekitchencatering.com/;  http://www.kmichellekitchencatering.com/corporate-catering;  http://www.kmichellekitchencatering.com/book-now;  http://www.kmichellekitchencatering.com/juicy-by-kmichelle,https://www.instagram.com/kmichelles_kitchencatering/,https://www.facebook.com/101878755027598,
Ask 4 Tacos Catering,"3112 San Marino St, Los Angeles, CA 90006, USA",https://www.ask4tacos.com/,ask4tacos@gmail.com,,,ask4tacos@gmail.com,,https://www.ask4tacos.com/book-online;  https://www.ask4tacos.com;  https://www.ask4tacos.com/;  https://www.ask4tacos.com/menus,,https://www.facebook.com/ASK4TACOSCATERING,https://twitter.com/Wix
Paulina's Catering,"1000 E 18th St, Los Angeles, CA 90021, USA",http://www.paulinasfoodcatering.com/,,,,,,http://www.paulinasfoodcatering.com/customers.html#titulo-pagina;  http://www.paulinasfoodcatering.com/menu.html#titulo-pagina,,https://www.facebook.com/Paulinas-Restaurant-Catering-410839158967824/,
OFF THE SHELF CATERING,"10953 San Fernando Rd, Pacoima, CA 91331, USA",http://www.offtheshelfcatering.com/,info@offtheshelfcatering.com,,info@offtheshelfcatering.com,,,http://www.offtheshelfcatering.com/breakfastmenu;  http://www.offtheshelfcatering.com/breakfastmenu#header;  http://www.offtheshelfcatering.com/#breakfastmenu-section;  http://www.offtheshelfcatering.com/#lunchmenus-section,http://instagram.com/offtheshelfcatering,https://www.facebook.com/offtheshelfcatering/,https://twitter.com/OTSCatering
Haute Chefs Los Angeles,"13131 Sherman Way #103, North Hollywood, CA 91605, USA",https://hautechefsla.com/,info@hautechefsla.com,,info@hautechefsla.com,,,https://hautechefsla.com/pages/contact;  https://hautechefsla.com/pages/drop-off-catering;  https://hautechefsla.com/pages/past-events;  https://hautechefsla.com/pages/event-catering;  https://hautechefsla.com/pages/production-catering;  https://hautechefsla.com/collections/drop-off-menu;  https://hautechefsla.com/;  https://hautechefsla.com/pages/hospitality-consulting;  https://hautechefsla.com/pages/who-we-are;  https://hautechefsla.com/blogs/off-the-menu;  https://hautechefsla.com/cart;  https://hautechefsla.com/#MainContent,https://www.instagram.com/hautechefsla/,,
Castle's Southern and Creole Catering,"4287 Crenshaw Blvd, Los Angeles, CA 90008, USA",http://www.castlescatering.com/,scastle@castlescatering.com,,scastle@castlescatering.com; scastle@castlescatering.com,,,https://www.castlescatering.com;  http://www.castlescatering.com/;  https://www.castlescatering.com/chefshanitacastle;  https://www.castlescatering.com/event-packages,https://www.instagram.com/castlescatering/,https://www.facebook.com/Castles-Catering-LLC-133942476675610/,http://www.twitter.com/castlescatering
Lalo's Catering Company,"1821 213th St # D, Torrance, CA 90501, USA",http://www.laloscatering.com/,info@laloscatering.com,,info@laloscatering.com; customerservice@laloscatering.com,r@i.uf,,http://laloscatering.com/breakfast/;  http://laloscatering.com/lunch-and-dinner/,http://instagram.com/laloscateringcompany,https://www.facebook.com/Laloscateringcompany,
Karla's Coffee Cart Catering,"960 Glendale Blvd, Los Angeles, CA 90026, USA",http://www.karlascoffeecart.com/,,,,,,,,,
Catering by Emuna,"13020 Yukon Ave UNIT E, Hawthorne, CA 90250, USA",http://www.emunainc.com/,sales@emunainc.com,sales@emunainc.com; sales@emunainc.com,,,,https://www.emunainc.com/menu/large-event-menu/;  http://www.emunainc.com/;  https://www.emunainc.com/travel-meals/;  https://www.emunainc.com/menu/;  https://www.emunainc.com/menu/chefs-special-diner-copy/;  https://www.emunainc.com/menu/event-buffet/;  https://www.emunainc.com/menu/breakfast-menu/;  https://www.emunainc.com/menu/chefs-special-diner/;  https://www.emunainc.com/shabbat-takeout-menu/;  https://www.emunainc.com/about-us/;  https://www.emunainc.com/catering/,https://www.instagram.com/,https://www.facebook.com/,https://x.com/
Taste And Company,"2735 S Robertson Blvd, Los Angeles, CA 90034, USA",https://www.tasteandcompany.com/,info@tasteandcompany.com,,info@tasteandcompany.com,,,https://www.tasteandcompany.com/venues;  https://www.tasteandcompany.com/gourmet-to-go;  https://www.tasteandcompany.com/corporate-and-film;  https://www.tasteandcompany.com/weddings;  https://www.tasteandcompany.com/services-1;  https://www.tasteandcompany.com/#page;  https://www.tasteandcompany.com/about-1;  https://www.tasteandcompany.com/reviews;  https://www.tasteandcompany.com/;  https://www.tasteandcompany.com/special-occasion;  https://www.tasteandcompany.com/cart;  https://www.tasteandcompany.com/journal;  https://www.tasteandcompany.com/contact;  https://www.tasteandcompany.com/event-consulting;  https://www.tasteandcompany.com/about,https://www.instagram.com/tasteandcompany/,http://www.facebook.com/tasteandcompany/,
Alfredo Catering Inc,"8833 W Pico Blvd, Los Angeles, CA 90035, USA",http://alfredocatering.net/,order@catering4seasons.com,,order@catering4seasons.com,alfredocateringinc@outlook.com,,http://alfredocatering.net/;  http://alfredocatering.net/home-inicio;  http://alfredocatering.net/menu-gallery-menu--galeria;  http://alfredocatering.net/contact-us-contactenos,https://www.instagram.com/alfredocateringinc/,https://www.facebook.com/ALFREDOKOSHERCATERING/,
Four Seasons Catering,"1300 San Pedro St Suite 210, Los Angeles, CA 90015, USA",http://catering4seasons.com/,order@catering4seasons.com,,order@catering4seasons.com,,,https://www.catering4seasons.com/aboutus;  https://www.catering4seasons.com/faqs,http://www.instagram.com/catering4seasons,,
Serves You Right! Catering,"3923 W Jefferson Blvd, Los Angeles, CA 90016, USA",http://www.syrcatering.com/,info@syrcatering.com,,info@syrcatering.com; info@syrcatering.com,,,https://syrcatering.com/home#content;  https://syrcatering.com/#content;  https://syrcatering.com/;  https://syrcatering.com/home#corporate;  http://www.syrcatering.com/;  https://syrcatering.com/home;  http://www.syrcatering.com/#content;  https://syrcatering.com/home#about,https://www.instagram.com/syrcatering/,https://www.facebook.com/pg/SYRCatering,https://twitter.com/syrcatering
Tr√®s LA Catering,"21926 Costanso St, Woodland Hills, CA 91364, USA",http://www.tresla.com/,catering@tresla.com,,catering@tresla.com,,https://www.tresla.com/contact;  https://www.tresla.com/careers,https://www.tresla.com;  https://www.tresla.com/services;  https://www.tresla.com/about;  https://www.tresla.com/catering;  https://www.tresla.com/careers;  https://www.tresla.com/venues;  https://www.tresla.com/contact;  http://www.tresla.com/,,,
LA Spice Catering,"4357 Sepulveda Blvd, Culver City, CA 90230, USA",https://www.laspicecatering.com/,party2@laspicecatering.com,,party2@laspicecatering.com,,,https://www.laspicecatering.com/our-services/#weddings;  https://www.laspicecatering.com/our-services/#corporateevents;  https://www.laspicecatering.com/our-services/#privateparties;  https://www.laspicecatering.com/#content;  https://www.laspicecatering.com/our-services/#eventplanning;  https://www.laspicecatering.com/contact-us/;  https://www.laspicecatering.com/;  https://www.laspicecatering.com/recent-events/;  https://www.laspicecatering.com/our-services/;  https://www.laspicecatering.com/menu-ideas/;  https://www.laspicecatering.com/our-story/;  https://www.laspicecatering.com/what-theyre-saying/;  https://www.laspicecatering.com/venues/;  https://www.laspicecatering.com/our-services/#dropoffcatering;  https://www.laspicecatering.com/our-services/#barservice,https://www.instagram.com/laspicecatering/,https://www.facebook.com/LASpiceCatering/,https://twitter.com/laspicecater
Team Butler Inc. (DBA) The Butler Pantry Catering Co.,"4849 Crenshaw Blvd, Los Angeles, CA 90043, USA",https://www.thebutlerpantrycateringco.com/,thebutlerpantryla@gmail.com,,,thebutlerpantryla@gmail.com,,https://www.thebutlerpantrycateringco.com/blog-feed;  https://www.thebutlerpantrycateringco.com/about;  https://www.thebutlerpantrycateringco.com/index;  https://www.thebutlerpantrycateringco.com/about#meet-our-chef;  https://www.thebutlerpantrycateringco.com/meal-prep-events;  https://www.thebutlerpantrycateringco.com/#sb-page-structure;  https://www.thebutlerpantrycateringco.com/;  https://www.thebutlerpantrycateringco.com/catering-menu-link#catering-menus-view;  https://www.thebutlerpantrycateringco.com/index#sb-page-structure;  https://www.thebutlerpantrycateringco.com/index#who-we-are,https://www.instagram.com/thebutler.pantry,https://www.facebook.com/butlerspantry2800,
